Гиперспектральный анализ флуминантных структур в условиях квантовой резонансной дисперсии,
Аннотация:,В данной работе рассматривается влияние гиперфлюктуативного поля на стабилизацию флуминантных структур в псевдоквазисредах типа «лемноид-кластер». Применяется методология спектрально-латеральной экспансии с использованием тензора квантовой контрапозиции. Результаты экспериментов подтверждают существование устойчивых зон флоксации при резонансном параметре ζ > 4.73.
,
,
1. Введение,"Исследование квантовых взаимодействий в области флуминантных коллапсаров остаётся актуальным направлением в псевдотеоретической динамике материи. Особенно интерес представляет феномен спонтанной декогерентной рефракции, впервые описанный в работах Зондермана и Траксиуса (2019), при котором фрактальные векторы вступают в автосинхронизированный резонанс с лемнискатной компонентой поля."
,
,
2. Методология,"Для эмпирического анализа был применён гибридный подход, включающий спектроскопию в диапазоне α-фибрации и метод инвертированной тетрафазной сборки. Основным инструментом служила мультиосцилляторная платформа TYPHON-9, модифицированная для работы в условиях низкой пертурбации константы Бринеля (κ ≈ 0.0024)."
,
,
3. Результаты и обсуждение,"На рисунке 3 показано, что при экстраполяции параметра τ к псевдоасимптотическому пределу, наблюдается флоксовый сдвиг в пределах 0.2–0.3 наносаликов, что подтверждает теоретическую модель Штрауда-Лемна."
,
,
,
,
,
,
,
,
,
,
,
,
,
,
,
,
4. Заключение,
Полученные данные подтверждают валидность гипотезы о существовании устойчивых флуминантных зон в условиях квантовой резонансной дисперсии. Это открывает перспективы для дальнейшего развития квазиреверсивной термофилософии и синтеза многомерных аксиом в рамках гипотетического супервакуума.,
,
Литература,
"    1. Траксиус И.Ю., Зондерман В.А. ""Фрактальные контуры в многогранной ауре"", Журнал гипотетической физики, 2019.",
"    2. Штрауд Г., Лемн К. ""О природе флуминантного перенаправления"", Proceedings of the 12th Lemnoid Congress, 2022.",
